date,daily_open_price,daily_close_price,daily_change,daily_min_price,daily_max_price,daily_avg_price,current_max_price,price_ratio,MA_30,MA_60,MA_90,MA_120,MA_150,MA_180,MA30_ratio,MA60_ratio,MA90_ratio,MA120_ratio,MA150_ratio,MA180_ratio,value_classification,value
02/08/2020,11807.27134,11065.88283,-0.062790842,10666.6288,12094.16806,11380.39843,11548.30487,-0.014539488,9729.548164,9561.883312,9487.589104,8983.419142,8500.158486,8672.842949,-0.14506085,-0.159793625,-0.166321886,-0.210623495,-0.253087795,-0.237913945,Extreme Greed,80
11/08/2020,11899.41329,11383.4377,-0.043361431,11147.24232,11939.98967,11543.61599,11817.99076,-0.023216701,10425.30562,9846.830522,9723.747624,9321.990521,8746.793073,8753.557058,-0.096876955,-0.146989078,-0.157651499,-0.192454901,-0.242283087,-0.241697137,Extreme Greed,84
16/08/2020,11866.21765,11920.30942,0.004558468,11702.568,11942.97507,11822.77153,11868.60882,-0.003862061,10839.05235,10038.49061,9840.761095,9518.892162,8957.327731,8800.954661,-0.083205463,-0.150919005,-0.167643469,-0.19486796,-0.242366504,-0.255592935,Extreme Greed,82
17/08/2020,11920.32578,12301.13813,0.031946472,11778.14971,12467.4699,12122.8098,12122.8098,0,10937.54847,10084.18545,9867.847236,9560.16278,8996.153956,8813.600747,-0.097771172,-0.168164343,-0.186009894,-0.211390516,-0.257915112,-0.272973767,Extreme Greed,83
18/08/2020,12301.13883,11958.74515,-0.027834308,11837.78886,12401.07493,12119.4319,12122.8098,-0.000278641,11035.70393,10130.68674,9895.924649,9602.846656,9035.747668,8827.747722,-0.08942069,-0.164095576,-0.183466293,-0.207648779,-0.254441318,-0.271603834,Extreme Greed,82
19/08/2020,11958.74482,11769.02629,-0.015864418,11633.53317,12023.42942,11828.4813,12122.8098,-0.024278901,11123.54901,10172.7558,9925.249456,9644.185833,9073.975522,8839.736385,-0.059596179,-0.13997786,-0.160902469,-0.184664067,-0.23287062,-0.252673597,Extreme Greed,80
21/08/2020,11871.30296,11530.67474,-0.028693415,11499.81093,11890.8058,11695.30837,12122.8098,-0.03526422,11281.86699,10249.66959,9982.923067,9720.22706,9145.38605,8862.055342,-0.035351045,-0.123608436,-0.14641643,-0.168878087,-0.218029507,-0.242255521,Extreme Greed,81
02/09/2020,11931.35459,11399.58672,-0.044568944,11228.31973,11962.43125,11595.37549,12122.8098,-0.043507596,11647.09907,10723.36344,10274.17614,10046.43711,9545.654881,9036.466293,0.004460708,-0.075203433,-0.113941921,-0.133582425,-0.176770525,-0.220683599,Extreme Greed,83
06/11/2020,15592.02971,15583.28022,-0.000561152,15208.84139,15946.79282,15577.8171,15577.8171,0,12592.87539,11608.19396,11553.89067,11210.91427,10829.27801,10591.69108,-0.19161489,-0.254825379,-0.258311315,-0.28032829,-0.30482699,-0.320078609,Extreme Greed,90
07/11/2020,15583.28708,14840.45122,-0.047668753,14404.93961,15751.4713,15078.20546,15577.8171,-0.032071993,12741.37927,11689.98778,11591.82347,11259.68909,10864.16508,10627.21859,-0.154980392,-0.22470961,-0.231219955,-0.253247403,-0.279478907,-0.295193409,Extreme Greed,88
08/11/2020,14840.45626,15485.567,0.043469738,14745.42133,15657.61105,15201.51619,15577.8171,-0.024156203,12886.18811,11773.77459,11629.4182,11309.32533,10902.018,10663.03744,-0.152309023,-0.225486823,-0.234983007,-0.256039648,-0.28283351,-0.298554348,Extreme Greed,82
09/11/2020,15485.56578,15334.90846,-0.009728887,14861.52198,15847.18533,15354.35366,15577.8171,-0.014344978,13022.41665,11857.0116,11671.75973,11360.1462,10941.78804,10697.75367,-0.151874645,-0.22777527,-0.239840374,-0.260135174,-0.287382049,-0.303275546,Extreme Greed,90
10/11/2020,15334.90818,15315.15193,-0.001288319,15093.53449,15456.17305,15274.85377,15577.8171,-0.019448382,13152.65916,11939.70972,11714.88257,11410.15161,10980.81121,10729.23704,-0.138933874,-0.218342126,-0.233060902,-0.253010747,-0.281118407,-0.297588232,Extreme Greed,90
11/11/2020,15315.15265,15704.10497,0.025396568,15295.06154,15978.07215,15636.56684,15636.56684,0,13291.38754,12027.27749,11760.42364,11463.78647,11022.61217,10763.30534,-0.149980448,-0.230823645,-0.247889657,-0.266860393,-0.295074662,-0.311658022,Extreme Greed,86
12/11/2020,15704.10411,16303.9326,0.038195651,15517.48864,16338.63126,15928.05995,15928.05995,0,13440.8991,12119.35992,11806.70667,11519.65624,11067.391,10799.55866,-0.156149642,-0.239118891,-0.258747977,-0.276769658,-0.305163904,-0.32197903,Extreme Greed,87
13/11/2020,16303.93183,16323.95898,0.001228363,15978.98322,16480.74168,16229.86245,16229.86245,0,13601.47931,12214.70947,11855.16504,11578.77659,11112.37111,10836.35589,-0.161947345,-0.247392915,-0.269546179,-0.286575802,-0.315313291,-0.332319918,Extreme Greed,89
14/11/2020,16323.96161,16074.42867,-0.015286298,15733.3556,16327.47198,16030.41379,16229.86245,-0.012288993,13754.56124,12302.01517,11901.91662,11636.20055,11156.54622,10871.33886,-0.141970917,-0.232582806,-0.257541522,-0.274117268,-0.304038788,-0.321830428,Extreme Greed,90
15/11/2020,16074.42975,15967.55301,-0.006648867,15786.07508,16143.2015,15964.63829,16229.86245,-0.016341738,13907.06599,12386.61706,11944.60361,11692.83982,11200.43634,10906.22542,-0.128883114,-0.22412166,-0.251808692,-0.267578782,-0.298422166,-0.316851079,Extreme Greed,86
16/11/2020,15967.55298,16721.19135,0.047198113,15882.91864,16886.65902,16384.78883,16384.78883,0,14075.1228,12477.84256,11991.99646,11752.92333,11247.47257,10943.96055,-0.140964041,-0.238449596,-0.268101861,-0.282693024,-0.313541805,-0.332065816,Extreme Greed,90
17/11/2020,16721.19142,17674.18875,0.056993387,16565.13372,17840.8663,17203.00001,17203.00001,0,14267.32303,12582.31364,12051.71333,11819.67225,11300.13032,10988.4814,-0.17064913,-0.268597708,-0.299441183,-0.312929591,-0.34313025,-0.361246213,Extreme Greed,86
18/11/2020,17674.18942,17780.65183,0.006023609,17310.06417,18616.35676,17963.21047,17963.21047,0,14478.82361,12697.76575,12120.2984,11891.83379,11357.55436,11037.74251,-0.193973503,-0.293123811,-0.325271035,-0.337989508,-0.36773249,-0.385536203,Extreme Greed,91
19/11/2020,17780.65074,17816.89149,0.002038213,17377.89922,18177.93301,17777.91611,17963.21047,-0.010315214,14675.87641,12811.69694,12187.88293,11961.37894,11412.59759,11085.403,-0.174488376,-0.279347655,-0.31443692,-0.32717767,-0.358046381,-0.376450933,Extreme Greed,94
20/11/2020,17816.89241,18666.9551,0.047711053,17758.65367,18809.15846,18283.90607,18283.90607,0,14866.65775,12938.82793,12262.82218,12034.00696,11470.12902,11136.94728,-0.186899249,-0.292337869,-0.329310589,-0.34182516,-0.372665284,-0.390887962,Extreme Greed,86
21/11/2020,18666.95553,18672.29685,0.000286138,18443.95914,18958.51375,18701.23645,18701.23645,0,15058.13335,13075.937,12341.44065,12110.14773,11531.8352,11191.8378,-0.194805467,-0.300798263,-0.340073546,-0.352441334,-0.383365093,-0.40154557,Extreme Greed,91
22/11/2020,18672.29709,18389.44765,-0.01514808,17653.52154,18719.64219,18186.58186,18701.23645,-0.027519816,15234.79945,13206.56798,12413.30462,12181.32083,11591.88445,11243.6628,-0.162305508,-0.27382902,-0.317447076,-0.330202843,-0.362613352,-0.381760526,Extreme Greed,94
23/11/2020,18389.44533,18368.20232,-0.001155174,17994.18755,18744.63982,18369.41369,18701.23645,-0.017743359,15412.77341,13337.68414,12490.16148,12251.82907,11653.1998,11295.62926,-0.160954526,-0.273918898,-0.320056607,-0.333031022,-0.365619393,-0.385084933,Extreme Greed,90
24/11/2020,18368.20411,19154.50955,0.042807965,18084.98972,19410.0677,18747.52871,18747.52871,0,15599.94623,13472.35579,12571.79732,12319.18739,11718.05286,11347.75247,-0.167893194,-0.281379642,-0.329415759,-0.342890064,-0.374954798,-0.394706756,Extreme Greed,88
25/11/2020,19154.51089,18721.24898,-0.022619315,18523.5115,19486.7104,19005.11095,19005.11095,0,15799.31947,13610.07732,12656.6177,12386.54197,11784.31029,11400.70507,-0.168680493,-0.283872778,-0.334041367,-0.348252057,-0.379939937,-0.400124256,Extreme Greed,94
26/11/2020,18721.24913,17192.3217,-0.081668024,16248.11331,18899.14969,17573.6315,19005.11095,-0.075320762,15937.75367,13724.4213,12724.97947,12440.41266,11840.61749,11445.36764,-0.093087068,-0.219033283,-0.275904956,-0.292097785,-0.326228191,-0.348719265,Extreme Greed,93
27/11/2020,17192.32289,17161.46611,-0.0017948,16505.4442,17481.31754,16993.38087,19005.11095,-0.105852057,16057.93209,13827.18545,12785.79812,12490.10321,11893.00285,11486.74203,-0.055047832,-0.186319335,-0.247601274,-0.265001867,-0.300139099,-0.324046103,Extreme Greed,86
28/11/2020,17161.46537,17738.23136,0.033608202,16894.97741,17896.0399,17395.50866,19005.11095,-0.084693128,16194.18991,13937.81744,12850.18697,12541.57896,11947.64826,11528.41517,-0.069059133,-0.198769193,-0.26129283,-0.279033502,-0.313176263,-0.337276339,Extreme Greed,87
29/11/2020,17738.22954,18198.59004,0.025953013,17548.83342,18333.38456,17941.10899,19005.11095,-0.055985043,16345.48991,14057.4083,12919.71139,12594.85233,12006.51643,11573.69124,-0.08893648,-0.216469377,-0.279882231,-0.297989197,-0.330781813,-0.354906586,Extreme Greed,89
30/11/2020,18198.58973,19702.07119,0.082615273,18198.58973,19859.08771,19028.83872,19028.83872,0,16521.61618,14196.25165,12999.88583,12658.58933,12072.7811,11626.35399,-0.131759094,-0.253961219,-0.316832413,-0.334768163,-0.365553449,-0.389014003,Extreme Greed,88
01/12/2020,19702.07126,18791.67784,-0.046208006,18235.23993,19910.33212,19072.78602,19072.78602,0,16698.62713,14338.49514,13082.96816,12724.00089,12139.12628,11678.57215,-0.124478872,-0.248222303,-0.314050493,-0.332871408,-0.363536808,-0.387683995,Extreme Greed,95
02/12/2020,18791.67858,19219.19377,0.02275024,18353.8747,19344.84678,18849.36074,19072.78602,-0.01171435,16875.81243,14476.63945,13173.17025,12787.57722,12204.50424,11729.23854,-0.104701074,-0.231982471,-0.301134376,-0.321590934,-0.352524236,-0.377738126,Extreme Greed,92
03/12/2020,19219.19173,19440.59238,0.011519769,18918.96724,19617.69009,19268.32867,19268.32867,0,17061.91629,14620.72891,13272.42743,12852.75909,12271.53788,11782.77375,-0.114509795,-0.241204094,-0.311179103,-0.332959318,-0.363123907,-0.388490099,Extreme Greed,92
04/12/2020,19440.58874,18654.64651,-0.040427903,18581.62387,19536.13266,19058.87826,19268.32867,-0.01087019,17233.66805,14759.67475,13370.44984,12913.75471,12336.60478,11835.27878,-0.095766927,-0.225574845,-0.298466066,-0.322428397,-0.352710868,-0.379014934,Extreme Greed,92
05/12/2020,18654.64651,19160.23136,0.027102355,18508.38498,19180.55536,18844.47017,19268.32867,-0.021997678,17364.17577,14895.88574,13466.62121,12973.87706,12399.83699,11885.91641,-0.078553251,-0.209535444,-0.285380746,-0.31152869,-0.341990681,-0.369262372,Extreme Greed,93
06/12/2020,19160.09867,19384.88362,0.011731931,18885.05427,19432.4374,19158.74584,19268.32867,-0.0056872,17483.54007,15038.20773,13566.64266,13036.30302,12465.43943,11938.32169,-0.087438175,-0.215073478,-0.291882528,-0.319563862,-0.349360363,-0.376873529,Extreme Greed,95
07/12/2020,19384.8827,19192.50828,-0.009923941,19192.50828,19392.13306,19292.32067,19292.32067,0,17624.01057,15182.69492,13667.99538,13099.87025,12532.55338,11990.806,-0.086475346,-0.213018735,-0.291531817,-0.320980069,-0.350386426,-0.378467412,Extreme Greed,94
08/12/2020,19182.24743,18318.24413,-0.045041818,18229.80739,19313.94169,18771.87454,19292.32067,-0.026976855,17743.02252,15314.60531,13763.5239,13157.81928,12596.06477,12042.18542,-0.054808166,-0.184172828,-0.266800773,-0.299067376,-0.328992704,-0.358498513,Extreme Greed,95
09/12/2020,18318.24278,18548.44774,0.012566978,17670.99593,18635.1396,18153.06776,19292.32067,-0.059052145,17836.31299,15429.36482,13850.11206,13212.89804,12655.37956,12090.87553,-0.017449104,-0.150040918,-0.237037384,-0.272139662,-0.302851743,-0.333948636,Extreme Greed,86
10/12/2020,18548.44798,18257.52421,-0.015684535,17936.3559,18555.63083,18245.99337,19292.32067,-0.05423543,17935.35097,15544.00507,13938.25681,13269.99967,12715.19148,12139.90117,-0.017025239,-0.148086665,-0.236092192,-0.272717062,-0.303124186,-0.334653865,Extreme Greed,94
11/12/2020,18257.52574,18043.56754,-0.011718904,17601.80638,18282.86755,17942.33696,19292.32067,-0.069975185,18012.20998,15651.79876,14022.25498,13323.37023,12773.47118,12187.54514,0.00389431,-0.127661085,-0.218482241,-0.257433953,-0.288082082,-0.320738142,Extreme Greed,89
12/12/2020,18043.56193,18818.32193,0.042938307,18043.56193,18934.24301,18488.90247,19292.32067,-0.041644456,18097.5714,15769.23525,14112.09708,13379.42285,12835.23927,12239.08773,-0.021165728,-0.147097278,-0.236726079,-0.276353863,-0.305786847,-0.338030597,Extreme Greed,90
13/12/2020,18818.32315,19176.09765,0.019012029,18735.94383,19420.01017,19077.977,19292.32067,-0.01111031,18192.50855,15896.99393,14207.30917,13439.50092,12901.52298,12292.39402,-0.046413121,-0.166735869,-0.255303161,-0.295548951,-0.323747849,-0.355676232,Extreme Greed,91
14/12/2020,19176.09764,19272.30334,0.005016959,19013.72895,19347.07475,19180.40185,19292.32067,-0.005801211,18297.50815,16026.03469,14300.51283,13500.8145,12968.46207,12346.70654,-0.046031033,-0.164457824,-0.254420583,-0.296114096,-0.323869115,-0.356285304,Extreme Greed,95
15/12/2020,19272.30334,19444.97869,0.008959767,19077.80192,19565.40453,19321.60322,19321.60322,0,18409.40698,16158.23649,14394.2137,13560.80445,13036.15325,12401.93145,-0.047211209,-0.163721752,-0.255019703,-0.298153249,-0.325306855,-0.358131346,Extreme Greed,91
16/12/2020,19444.97837,21341.67492,0.097541716,19318.97739,21532.36403,20425.67071,20425.67071,0,18544.10304,16309.61292,14499.92939,13630.02311,13111.15927,12463.57765,-0.092117791,-0.20151396,-0.290112447,-0.33270132,-0.358103856,-0.389808157,Extreme Greed,92
17/12/2020,21341.67493,22802.95726,0.068470836,21223.0461,23725.99378,22474.51994,22474.51994,0,18719.82037,16493.5717,14628.14922,13718.74009,13199.70188,12536.74533,-0.167064728,-0.26612129,-0.349122951,-0.389586958,-0.412681476,-0.442179617,Extreme Greed,92
18/12/2020,22802.95642,23130.2981,0.01435523,22385.73882,23274.0063,22829.87256,22829.87256,0,18882.04244,16680.43303,14759.19132,13810.73441,13289.87552,12611.6357,-0.172923879,-0.269359346,-0.353514073,-0.395058629,-0.417873425,-0.447581861,Extreme Greed,95
19/12/2020,23130.29816,23828.9045,0.030203084,22791.63055,24159.33004,23475.48029,23475.48029,0,19071.96125,16873.91883,14898.45171,13908.90251,13383.49541,12689.1582,-0.187579508,-0.281210922,-0.365361154,-0.407513613,-0.429894714,-0.459471838,Extreme Greed,93
20/12/2020,23828.90342,23454.79205,-0.015699899,23089.65448,24239.13431,23664.3944,23664.3944,0,19251.31086,17058.98431,15042.9889,14009.94435,13477.46774,12766.99266,-0.186486223,-0.279128634,-0.364319718,-0.407973679,-0.430474851,-0.460497808,Extreme Greed,92
21/12/2020,23454.79285,22714.22539,-0.031574249,22075.05136,24078.52204,23076.7867,23664.3944,-0.024830878,19397.16254,17227.64794,15183.01218,14105.37112,13567.55069,12842.72309,-0.159451323,-0.253464177,-0.342065584,-0.388763639,-0.412069329,-0.443478711,Extreme Greed,92
22/12/2020,22714.22504,23800.16002,0.047808586,22370.63861,23813.98161,23092.31011,23664.3944,-0.024174897,19560.68681,17397.74313,15324.60759,14200.15017,13657.19402,12920.01818,-0.152935037,-0.246600143,-0.336376157,-0.385070177,-0.408582599,-0.440505601,Extreme Greed,88
23/12/2020,23800.15981,23216.32977,-0.024530509,22700.01555,24077.29209,23388.65382,23664.3944,-0.011652129,19727.99482,17570.38411,15467.7877,14299.61981,13747.06222,12998.99897,-0.15651431,-0.248764625,-0.338662763,-0.388608685,-0.412233713,-0.444217736,Extreme Greed,93
24/12/2020,23216.3323,23728.42428,0.022057402,22732.8663,23777.25134,23255.05882,23664.3944,-0.01729753,19878.24582,17739.09603,15607.65246,14398.40944,13830.99908,13078.08502,-0.145207674,-0.237194102,-0.328849151,-0.38084829,-0.405247728,-0.437624083,Extreme Greed,86
25/12/2020,23728.42281,24716.88416,0.041657271,23431.08862,24770.64632,24100.86747,24100.86747,0,20048.10437,17923.71192,15756.08633,14504.48937,13918.85445,13161.6093,-0.168158391,-0.256304283,-0.346244016,-0.39817563,-0.42247496,-0.45389479,Extreme Greed,94
26/12/2020,24716.88512,26446.65041,0.069983142,24509.47732,26761.07167,25635.27449,25635.27449,0,20316.8258,18127.28974,15921.88947,14622.94105,14015.69529,13253.31887,-0.207466032,-0.292877096,-0.378907003,-0.429577356,-0.453265254,-0.483004605,Extreme Greed,93
27/12/2020,26446.65882,26253.13386,-0.007317558,25792.72279,28280.92022,27036.8215,27036.8215,0,20651.60716,18354.76962,16101.99269,14752.25038,14122.404,13352.77023,-0.236167345,-0.321119547,-0.404442098,-0.454364472,-0.477660346,-0.506126479,Extreme Greed,91
28/12/2020,26253.13402,27041.23882,0.030019456,26135.71935,27403.52379,26769.62157,27036.8215,-0.009882816,20964.07759,18579.13375,16279.90416,14878.65963,14226.07869,13450.38648,-0.216870603,-0.305962032,-0.391851539,-0.444196117,-0.468573784,-0.497550369,Extreme Greed,92
29/12/2020,27041.23933,27338.44558,0.010990852,25912.61365,27363.20956,26637.9116,27036.8215,-0.014754319,21253.97101,18799.73046,16456.26253,15003.27629,14326.67607,13547.75886,-0.202115717,-0.294249086,-0.382223998,-0.4367698,-0.462169697,-0.491410623,Extreme Greed,91
30/12/2020,27338.45022,28883.50999,0.056515997,27338.45022,28976.60543,28157.52782,28157.52782,0,21558.26065,19039.93841,16650.25465,15139.47953,14438.5236,13653.69436,-0.234369552,-0.32380646,-0.40867484,-0.462329235,-0.487223321,-0.515096125,Extreme Greed,91
31/12/2020,28883.50949,28936.35678,0.00182967,27971.3228,29297.01521,28634.16901,28634.16901,0,21876.97341,19287.80027,16851.32123,15281.46948,14554.5954,13762.1008,-0.235983646,-0.326406145,-0.411496062,-0.466320483,-0.491705333,-0.519381869,Extreme Greed,95
01/01/2021,28936.35635,29390.99708,0.015711748,28728.22298,29642.07727,29185.15012,29185.15012,0,22221.49972,19548.65608,17058.25954,15435.25262,14674.36172,13874.00349,-0.238602521,-0.330184837,-0.415515786,-0.471126496,-0.497197662,-0.524621137,Extreme Greed,94
02/01/2021,29390.99619,32200.06607,0.095575865,29044.83166,33216.95704,31130.89435,31130.89435,0,22616.91858,19839.41744,17286.12547,15608.55022,14805.59099,13995.76799,-0.273489598,-0.362709686,-0.444727631,-0.498615425,-0.524408428,-0.550421911,Extreme Greed,94
03/01/2021,32200.06596,33009.69534,0.025143718,32045.13986,34806.11859,33425.62922,33425.62922,0,23095.81028,20164.73917,17538.3866,15801.78995,14950.16582,14129.80569,-0.309038878,-0.39672821,-0.475301228,-0.527255273,-0.552733451,-0.577276299,Extreme Greed,93
04/01/2021,33009.69738,31995.9031,-0.030712014,28219.75605,33592.17614,30905.9661,33425.62922,-0.075381173,23497.86014,20431.01796,17763.21054,15974.43095,15078.67368,14249.50751,-0.239698249,-0.338929646,-0.425249789,-0.483127921,-0.512111234,-0.53893991,Extreme Greed,94
05/01/2021,31995.89625,34018.74644,0.063222176,29956.36343,34458.65452,32207.50898,33425.62922,-0.036442702,23932.81891,20708.17949,18003.07812,16158.18672,15215.6062,14376.66934,-0.256918039,-0.357038773,-0.441028546,-0.498309952,-0.527575814,-0.55362368,Extreme Greed,93
06/01/2021,34018.7453,36807.52499,0.081977735,33376.35686,36960.87779,35168.61733,35168.61733,0,24462.0288,21043.01969,18275.80622,16366.50374,15372.30196,14520.79929,-0.304435867,-0.401653483,-0.480337653,-0.534627603,-0.562897176,-0.587109179,Extreme Greed,95
07/01/2021,36807.5328,39427.43135,0.071178325,36395.07935,40333.53696,38364.30816,38364.30816,0,25115.10992,21429.06622,18581.44018,16601.42041,15549.27741,14682.57229,-0.3453522,-0.441432226,-0.515658145,-0.567269131,-0.594694179,-0.617285623,Extreme Greed,91
08/01/2021,39427.40606,40561.64334,0.028767738,36649.67236,41936.45367,39293.06302,39293.06302,0,25819.77643,21828.04471,18892.83536,16842.52816,15734.27372,14849.4457,-0.342892245,-0.444480958,-0.519181405,-0.571361282,-0.599566119,-0.622084802,Extreme Greed,93
09/01/2021,40561.63637,40199.56105,-0.008926546,38755.08074,41397.46708,40076.27391,40076.27391,0,26547.45245,22241.40171,19211.82086,17090.55572,15925.49023,15020.56831,-0.337576829,-0.445023213,-0.520618586,-0.573549284,-0.602620487,-0.625200478,Extreme Greed,93
10/01/2021,40199.56851,38173.79756,-0.050392853,35495.07415,41403.11305,38449.0936,40076.27391,-0.040602086,27231.01101,22621.61049,19511.53618,17324.44399,16104.89838,15183.06115,-0.291764553,-0.411647756,-0.492535861,-0.549418663,-0.581137112,-0.605112638,Extreme Greed,94
11/01/2021,38173.79817,35434.22999,-0.07176567,30535.81636,38173.79817,34354.80727,40076.27391,-0.142764436,27759.8745,22928.72295,19766.115,17524.04143,16255.51318,15322.67848,-0.191965355,-0.332590552,-0.424647769,-0.489910064,-0.526834395,-0.553987354,Extreme Greed,90
12/01/2021,35434.23078,34090.99372,-0.037907894,32561.13119,36608.9864,34585.05879,40076.27391,-0.137019103,28276.77722,23234.64289,20023.58836,17724.67618,16406.95618,15464.06536,-0.182399041,-0.328188423,-0.42103356,-0.487504813,-0.525605659,-0.552868612,Extreme Greed,84
14/01/2021,37364.78301,39117.18194,0.046899749,36776.38148,40045.90611,38411.14379,40076.27391,-0.041549025,29445.3278,23927.36739,20587.26692,18156.99222,16737.70912,15771.01568,-0.233417053,-0.37707225,-0.464028798,-0.52729884,-0.564248615,-0.589415619,Extreme Greed,83
15/01/2021,39117.17734,36738.07836,-0.060819802,34430.25271,39672.76394,37051.50833,40076.27391,-0.07547522,29999.52238,24271.81271,20872.91607,18374.82764,16903.92296,15925.88646,-0.190329254,-0.344917014,-0.43665138,-0.504073425,-0.54377234,-0.570169011,Extreme Greed,88
16/01/2021,36738.07921,36006.68163,-0.019908433,35454.18687,37929.60104,36691.89396,40076.27391,-0.084448468,30473.43485,24596.62761,21153.52608,18589.47063,17069.67905,16078.65737,-0.169477736,-0.3296441,-0.423482306,-0.493363012,-0.534783376,-0.561792657,Extreme Greed,84
19/01/2021,36665.32595,35908.44903,-0.020642853,35908.44903,37844.03448,36876.24175,40076.27391,-0.079848545,31754.78944,25503.05015,21957.58602,19220.93904,17558.91337,16523.68802,-0.138882165,-0.308415149,-0.404560091,-0.478771748,-0.523842113,-0.551915075,Extreme Greed,80
04/02/2021,37651.51168,36959.76255,-0.018372413,36266.16105,38725.23893,37495.69999,40076.27391,-0.064391563,35088.56857,29510.69374,25501.64252,22274.45073,19944.26309,18527.76659,-0.064197533,-0.212957919,-0.319878212,-0.405946529,-0.468091992,-0.505869564,Extreme Greed,80
05/02/2021,36959.76954,38291.95918,0.036044317,36624.92676,38341.66213,37483.29444,40076.27391,-0.064701111,35165.72447,29813.87664,25750.58795,22498.28578,20126.34788,18671.20571,-0.06182941,-0.204608958,-0.313011614,-0.399778325,-0.463058192,-0.501879278,Extreme Greed,81
06/02/2021,38291.9617,39231.94804,0.024547876,38235.67945,41014.02168,39624.85056,40076.27391,-0.011264105,35207.74255,30161.42624,26021.95833,22738.01578,20322.68484,18825.68826,-0.111473178,-0.238825489,-0.34329195,-0.426167785,-0.487122739,-0.524901974,Extreme Greed,84
07/02/2021,39231.93761,38845.3385,-0.009854194,37387.73336,39698.25339,38542.99338,40076.27391,-0.038259059,35182.74023,30501.25833,26279.60988,22965.31157,20510.57057,18975.6848,-0.087181946,-0.208643241,-0.318174133,-0.404163778,-0.467852163,-0.507674855,Extreme Greed,86
08/02/2021,38845.37552,46444.16662,0.195616364,38065.99709,46494.92347,42280.46028,42280.46028,0,35256.21311,30901.83278,26579.67218,23222.91892,20723.6872,19147.27737,-0.166134596,-0.269122602,-0.371348561,-0.450741104,-0.509851902,-0.547136496,Extreme Greed,83
09/02/2021,46444.16444,46489.42997,0.000974623,45075.00326,48241.30515,46658.15421,46658.15421,0,35529.84846,31380.42973,26924.35648,23516.11425,20965.52488,19342.39006,-0.238507201,-0.327439538,-0.422944243,-0.49599133,-0.550656788,-0.585444594,Extreme Greed,95
10/02/2021,46489.42783,44844.95992,-0.035372944,43834.51512,47333.50465,45584.00989,46658.15421,-0.023021578,35904.15522,31832.01486,27253.86704,23800.62505,21200.06419,19530.28685,-0.212351978,-0.301684627,-0.402117824,-0.477873379,-0.534923228,-0.571553997,Extreme Greed,92
11/02/2021,44844.96038,47991.08136,0.070155508,44035.45761,48640.50984,46337.98372,46658.15421,-0.006862048,36295.91938,32286.3483,27588.40172,24091.67112,21438.92482,19721.78338,-0.21671345,-0.303242271,-0.404626626,-0.480088058,-0.537335829,-0.574392716,Extreme Greed,93
12/02/2021,47991.085,47405.68241,-0.012198153,46312.79375,48889.01069,47600.90222,47600.90222,0,36711.03684,32760.02331,27939.18492,24393.029,21684.31702,19920.55077,-0.228774348,-0.311777261,-0.413053459,-0.487551121,-0.544455756,-0.581508966,Extreme Greed,92
13/02/2021,47405.68495,47179.38541,-0.004773679,46289.09684,48151.62347,47220.36015,47600.90222,-0.00799443,37004.67739,33225.00259,28286.47072,24691.61954,21926.52926,20115.53716,-0.216340636,-0.296383965,-0.400968764,-0.477098026,-0.535655188,-0.574007121,Extreme Greed,92
14/02/2021,47179.39019,48632.99003,0.03081006,47098.99168,49687.61196,48393.30182,48393.30182,0,37382.73717,33691.12978,28642.12087,25000.37135,22176.40954,20317.05866,-0.227522492,-0.30380593,-0.408138734,-0.483391907,-0.541746301,-0.580167959,Extreme Greed,95
15/02/2021,48632.99588,47929.51925,-0.014465007,45925.80901,49011.33612,47468.57256,48393.30182,-0.019108621,37741.95979,34107.69732,28978.40501,25300.63451,22419.96846,20515.05917,-0.204906367,-0.281467812,-0.389524407,-0.467002416,-0.527688168,-0.567818073,Extreme Greed,93
16/02/2021,47929.5158,49171.47857,0.025912274,47132.76119,50516.733,48824.7471,48824.7471,0,38189.95597,34540.94523,29321.31097,25610.68913,22671.89288,20720.80468,-0.217815591,-0.292552501,-0.399458006,-0.475456799,-0.53564751,-0.575608561,Extreme Greed,95
17/02/2021,49171.46696,52133.43752,0.060237588,49010.75224,52592.77475,50801.76349,50801.76349,0,38678.37203,34996.38328,29688.24261,25935.15106,22937.62434,20938.06277,-0.238641154,-0.311118731,-0.415606062,-0.489483253,-0.548487636,-0.587847718,Extreme Greed,95
18/02/2021,52133.39194,51566.13228,-0.010880927,50921.99193,52528.9985,51725.49522,51725.49522,0,39173.34715,35464.0683,30059.81582,26261.5263,23211.42066,21161.319,-0.242668495,-0.314379338,-0.41885881,-0.492290481,-0.551257643,-0.590891901,Extreme Greed,91
19/02/2021,51566.13191,55903.09453,0.084104866,50777.10246,56337.18377,53557.14312,53557.14312,0,39793.45683,35972.07424,30447.10367,26599.86109,23498.637,21394.27216,-0.256990674,-0.328342175,-0.431502468,-0.503336819,-0.561241776,-0.600533731,Extreme Greed,93
20/02/2021,55903.10262,55825.09187,-0.001395464,54083.64471,57532.44017,55808.04244,55808.04244,0,40558.7111,36517.33644,30865.1199,26957.53979,23801.69913,21639.21226,-0.273246125,-0.345661757,-0.446941363,-0.516959589,-0.573507722,-0.612256383,Extreme Greed,91
21/02/2021,55825.04745,57429.05289,0.02873272,55452.69961,58346.83524,56899.76743,56899.76743,0,41409.64941,37075.855,31293.23494,27323.11956,24111.01462,21891.69821,-0.272235173,-0.348400588,-0.450028772,-0.519802614,-0.576254602,-0.615258564,Extreme Greed,91
22/02/2021,57429.09204,54105.68772,-0.0578697,47912.54955,57429.09204,52670.82079,56899.76743,-0.07432274,42083.38237,37566.1177,31670.16041,27652.60686,24391.03856,22120.97886,-0.201011457,-0.28677554,-0.398715267,-0.474991913,-0.536915541,-0.580014541,Extreme Greed,94
23/02/2021,54105.68989,48892.23714,-0.09635683,45017.30982,54105.68989,49561.49985,56899.76743,-0.128968323,42666.70628,37990.46157,32009.67584,27957.08675,24649.83643,22333.14677,-0.139115919,-0.233468283,-0.354142309,-0.435911205,-0.502641435,-0.549385171,Extreme Greed,94
04/03/2021,50381.40252,48381.4415,-0.039696414,47556.62391,51778.24695,49667.43543,56899.76743,-0.12710653,47126.41309,40925.06538,34981.98035,30544.90227,26893.05811,24176.2151,-0.051160732,-0.176018149,-0.295675727,-0.385011487,-0.458537412,-0.513238103,Extreme Greed,84
08/03/2021,50988.5524,52399.64347,0.027674664,49339.82637,52399.64347,50869.73492,56899.76743,-0.1059764,48657.58973,41932.66614,36326.81407,31680.86618,27921.93057,25045.16899,-0.04348647,-0.175685381,-0.285885525,-0.377215819,-0.451109179,-0.507660714,Extreme Greed,81
09/03/2021,52399.65061,54931.74345,0.048322705,51967.10746,54931.74345,53449.42546,56899.76743,-0.060638947,49154.4708,42168.60551,36718.99582,31998.32511,28203.14342,25284.55394,-0.080355488,-0.211055963,-0.313014209,-0.401334536,-0.472339634,-0.526944327,Extreme Greed,81
20/10/2021,64343.88576,66015.04365,0.025972287,63579.59242,66935.93937,65257.76589,65257.76589,0,51154.62323,49497.54875,47084.75048,43599.30049,42198.46818,43599.99348,-0.216114396,-0.241507151,-0.278480502,-0.331891003,-0.353357143,-0.331880384,Extreme Greed,82
21/10/2021,66003.61888,62208.91377,-0.05749238,62078.5495,66609.66712,64344.10831,65257.76589,-0.014000749,51911.3946,49755.96177,47434.76694,43858.21385,42379.77375,43679.67799,-0.193222255,-0.226720782,-0.262795488,-0.318380268,-0.341357354,-0.321154972,Extreme Greed,84
09/11/2021,67557.77684,66951.15157,-0.008979355,66357.5502,68538.87132,67448.21076,67448.21076,0,61270.46271,54024.55129,51959.30386,48300.05677,45601.26588,44394.59786,-0.091592467,-0.199021728,-0.229641479,-0.283894173,-0.32390696,-0.341797249,Extreme Greed,84
28/02/2024,57066.80389,62502.94909,0.095259325,56734.74966,64013.39709,60374.07338,67448.21076,-0.104882506,48694.81467,45765.65639,44659.67422,42626.57062,40055.4568,37773.45029,-0.193448248,-0.241965072,-0.260283898,-0.293959009,-0.336545398,-0.374343188,Extreme Greed,82
29/02/2024,62502.94907,61172.1645,-0.021291549,60499.0802,63621.09938,62060.08979,67448.21076,-0.079885306,49320.89517,46093.00404,44923.69478,42853.43387,40282.85641,37974.54516,-0.205271933,-0.257284284,-0.276125849,-0.309484823,-0.350905605,-0.388100383,Extreme Greed,80
01/03/2024,61172.16436,62432.57292,0.020604283,60805.55449,63184.53843,61995.04646,67448.21076,-0.080849651,49954.05128,46406.25629,45177.11471,43077.08153,40513.14462,38174.80498,-0.194225117,-0.25145219,-0.271278638,-0.305152847,-0.346509973,-0.384228141,Extreme Greed,80
02/03/2024,62432.57343,62036.50206,-0.006343986,61662.81761,62464.19703,62063.50732,67448.21076,-0.079834637,50604.33332,46689.79849,45425.16668,43306.49086,40743.32768,38375.91421,-0.184636262,-0.247709314,-0.26808573,-0.302222953,-0.343521992,-0.381667007,Extreme Greed,80
03/03/2024,62036.50174,63145.20336,0.017871762,61424.78675,63250.83693,62337.81184,67448.21076,-0.075767746,51248.92769,47009.35285,45660.12364,43534.85345,40974.01814,38579.37713,-0.177883757,-0.24589344,-0.267537273,-0.301630068,-0.342710035,-0.381123976,Extreme Greed,83
04/03/2024,63145.20388,68339.70082,0.082262731,62449.13111,68542.448,65495.78955,67448.21076,-0.028946968,51994.94119,47372.26917,45910.93335,43789.26052,41225.8317,38800.57499,-0.206133073,-0.276712755,-0.29902466,-0.331418694,-0.370557528,-0.407586728,Extreme Greed,82
05/03/2024,68339.69887,63802.83335,-0.06638697,60087.17762,69070.83872,64579.00817,67448.21076,-0.042539343,52723.1569,47724.24603,46141.05014,44035.5502,41469.99252,39014.85055,-0.183586766,-0.260994441,-0.285510084,-0.318113557,-0.357840981,-0.395858629,Extreme Greed,90
07/03/2024,66109.21281,66929.58845,0.0124094,65676.95175,68010.74912,66843.85044,67448.21076,-0.008960361,54264.9797,48459.96513,46637.61083,44545.95936,41979.99309,39460.1701,-0.188182917,-0.275027324,-0.30229018,-0.333581787,-0.371969256,-0.409666411,Extreme Greed,82
08/03/2024,66929.59492,68280.63431,0.020185979,66768.21797,69992.92445,68380.57121,68380.57121,0,55091.75666,48845.65258,46908.49592,44809.39776,42252.43569,39696.58278,-0.194336115,-0.285679372,-0.314008422,-0.344705712,-0.382098819,-0.419475707,Extreme Greed,81
09/03/2024,68246.68409,68460.28195,0.003129791,68041.36866,68677.41449,68359.39158,68380.57121,-0.000309732,55871.73527,49208.4709,47181.1881,45071.29657,42528.11515,39935.25576,-0.182676528,-0.280150543,-0.309806787,-0.340671479,-0.377874581,-0.4158044,Extreme Greed,84
11/03/2024,69022.57693,72097.35939,0.044547489,67465.21881,72856.9864,70161.1026,70161.1026,0,57374.85743,49974.35337,47802.5546,45614.7083,43099.4344,40421.10273,-0.182241223,-0.287719954,-0.31867441,-0.34985759,-0.385707567,-0.423881592,Extreme Greed,82
12/03/2024,72097.3599,71465.22503,-0.008767795,68948.54358,72831.2179,70889.88074,70889.88074,0,58135.68369,50420.53427,48122.93826,45898.03698,43392.71016,40667.96258,-0.179915623,-0.288748496,-0.321159272,-0.352544587,-0.387885694,-0.426322034,Extreme Greed,81
13/03/2024,71465.22499,73118.10107,0.023128397,71353.9981,73651.27752,72502.63781,72502.63781,0,58918.61161,50914.81852,48454.51413,46203.79765,43695.73107,40923.32764,-0.187359062,-0.297752191,-0.33168619,-0.362729426,-0.397322189,-0.435560845,Extreme Greed,81
14/03/2024,73118.10042,71371.97119,-0.023880944,68723.22389,73803.62053,71263.42221,72502.63781,-0.017092007,59648.27117,51396.1282,48775.31372,46492.02456,43980.48977,41171.39452,-0.16298896,-0.278786696,-0.315563129,-0.347603257,-0.382846229,-0.422264701,Extreme Greed,88
15/03/2024,71371.97309,69506.5763,-0.026136265,65821.59406,72380.30292,69100.94849,72502.63781,-0.046918146,60263.47682,51839.39546,49074.26756,46761.77924,44252.06625,41407.97456,-0.12789219,-0.249801969,-0.289817743,-0.323283106,-0.359602622,-0.400761126,Extreme Greed,83
16/03/2024,69506.57634,65252.26256,-0.061207356,65000.8229,70039.58959,67520.20625,72502.63781,-0.068720694,60777.65824,52251.02006,49359.98546,47021.92568,44512.12247,41633.55313,-0.099859707,-0.22614247,-0.268959794,-0.303587351,-0.340758494,-0.383391203,Extreme Greed,81
26/03/2024,69886.32639,69990.51579,0.001490841,69382.14054,71508.71948,70445.43001,72502.63781,-0.028374248,65712.35976,56491.46302,51949.40264,49457.3717,46803.21294,43843.58527,-0.067187754,-0.198081934,-0.262558229,-0.297933568,-0.335610373,-0.377623428,Extreme Greed,81
27/03/2024,69990.51477,69431.93913,-0.007980734,68405.27589,71644.89234,70025.08412,72502.63781,-0.034171911,66282.17346,56962.02678,52248.99078,49727.37174,47041.05753,44082.72991,-0.053450998,-0.186548256,-0.253853224,-0.289863449,-0.328225619,-0.370472303,Extreme Greed,83
28/03/2024,69431.93882,70788.85969,0.01954318,68929.15428,71554.04555,70241.59992,72502.63781,-0.031185595,66756.54769,57428.76833,52559.21636,49996.13603,47279.45236,44323.03054,-0.049615217,-0.182410873,-0.251736629,-0.288226121,-0.3269024,-0.368991729,Extreme Greed,80
09/04/2024,71624.84861,69121.03428,-0.034957342,68220.4695,71716.50399,69968.48674,72502.63781,-0.034952536,68417.59549,62518.97228,55868.29097,52716.38093,49954.25796,47078.71219,-0.022165568,-0.106469567,-0.201522091,-0.246569658,-0.286046329,-0.327144056,Extreme Greed,80
12/11/2024,88887.93619,88039.17621,-0.009548652,85123.02831,90012.4067,87567.71751,87567.71751,0,70785.22919,66586.03365,64025.64401,63770.04278,63243.70161,64127.1593,-0.191651545,-0.239605239,-0.268844206,-0.271763104,-0.27777378,-0.267684929,Extreme Greed,80
13/11/2024,88039.17622,90495.45912,0.027899885,86253.95197,93482.60238,89868.27718,89868.27718,0,71632.09812,67083.02255,64379.71583,63986.42544,63399.79385,64258.20774,-0.202921205,-0.253540575,-0.283621342,-0.28799764,-0.294525323,-0.28497341,Extreme Greed,84
14/11/2024,90495.45401,87286.5952,-0.035458785,86686.9981,91794.44871,89240.72341,89868.27718,-0.00698304,72395.85925,67577.99482,64721.57097,64188.38735,63553.73856,64381.68948,-0.188757593,-0.242744879,-0.274752955,-0.280727622,-0.287839272,-0.278561547,Extreme Greed,88
15/11/2024,87286.5952,91059.32928,0.043222376,87110.11906,91881.50552,89495.81229,89868.27718,-0.004144565,73126.7184,68097.11344,65057.58339,64399.45388,63714.94192,64507.75442,-0.182903462,-0.239102795,-0.273065614,-0.28041936,-0.288067896,-0.279209242,Extreme Greed,80
16/11/2024,91060.1904,90595.31754,-0.005105116,90086.06455,91808.01729,90947.04092,90947.04092,0,73915.51526,68621.61687,65408.69865,64612.61851,63886.59376,64630.82562,-0.187268607,-0.24547719,-0.280804543,-0.289557771,-0.29754071,-0.289357576,Extreme Greed,86
17/11/2024,90609.09312,89866.41658,-0.00819649,88726.29696,91435.71881,90081.00789,90947.04092,-0.009522388,74650.3081,69114.82112,65756.97762,64805.4055,64050.50135,64739.16372,-0.171298037,-0.232748137,-0.270023958,-0.280587473,-0.288967754,-0.281322831,Extreme Greed,90
18/11/2024,89866.41658,90543.9761,0.00753963,89385.37507,92627.51669,91006.44588,91006.44588,0,75405.73443,69586.14625,66101.41952,65004.53332,64229.4087,64857.01844,-0.171424247,-0.235371236,-0.273662224,-0.285715065,-0.294232314,-0.287335992,Extreme Greed,83
19/11/2024,90513.09391,92430.59095,0.021184748,90411.43545,94041.79265,92226.61405,92226.61405,0,76188.83118,70069.29638,66455.81127,65210.24314,64416.21964,64990.03741,-0.173895388,-0.24024863,-0.279429133,-0.29293465,-0.301544133,-0.295322309,Extreme Greed,90
20/11/2024,92429.48741,94364.54339,0.020935483,91627.06867,94933.6625,93280.36559,93280.36559,0,77026.66884,70571.44866,66819.00035,65432.40665,64612.62168,65130.97552,-0.174245637,-0.243447984,-0.283675617,-0.298540414,-0.307328812,-0.301771867,Extreme Greed,83
21/11/2024,94368.17768,98455.63285,0.043313914,94127.59129,99051.04693,96589.31911,96589.31911,0,78007.06723,71128.01501,67195.87212,65686.36863,64848.64369,65284.07253,-0.192384127,-0.263603723,-0.304313637,-0.319941695,-0.328614755,-0.324106711,Extreme Greed,82
22/11/2024,98455.63285,99014.88442,0.005680239,97218.89283,99762.97526,98490.93404,98490.93404,0,79078.355,71708.37326,67578.55099,65967.14213,65097.00212,65448.6545,-0.197100162,-0.271929199,-0.313860188,-0.330221174,-0.339055896,-0.335485493,Extreme Greed,94
23/11/2024,99014.88442,97760.4925,-0.012668721,97272.03587,99034.66301,98153.34944,98490.93404,-0.00342757,80095.84435,72282.48273,67953.34802,66226.84184,65340.95253,65608.42253,-0.183972378,-0.263575995,-0.307681822,-0.325271708,-0.334297272,-0.33157225,Extreme Greed,93
24/11/2024,97761.27906,98007.41333,0.002517707,95785.53393,98674.83537,97230.18465,98490.93404,-0.012800664,81097.99783,72838.37641,68326.31398,66470.10245,65579.55136,65768.75451,-0.165917476,-0.250866625,-0.297272609,-0.316363507,-0.325522711,-0.323576781,Extreme Greed,80
25/11/2024,98007.40725,93003.1056,-0.051060443,92578.86511,98965.96878,95772.41694,98490.93404,-0.027601699,82062.18009,73364.3468,68716.75736,66704.13205,65811.09436,65923.18373,-0.143154337,-0.233972065,-0.282499497,-0.303514162,-0.312838744,-0.311668371,Extreme Greed,82
30/11/2024,97505.578,96443.86139,-0.010888778,96159.41185,97505.578,96832.49492,98490.93404,-0.016838495,86248.81462,75920.05325,70737.76227,67954.59657,66931.97962,66681.47734,-0.10929885,-0.215965123,-0.269483221,-0.298225285,-0.308785964,-0.311372929,Extreme Greed,84
01/12/2024,96443.86139,97252.31196,0.008382603,95749.48707,97889.35944,96819.42326,98490.93404,-0.016971215,87136.68158,76514.20106,71166.08531,68253.1996,67186.9328,66831.56306,-0.100008256,-0.209722611,-0.264960656,-0.295046414,-0.306059357,-0.309729796,Extreme Greed,81
02/12/2024,97252.31276,95866.46327,-0.014250041,94411.24095,98193.23237,96302.23666,98490.93404,-0.022222323,88031.9482,77108.32636,71584.88968,68581.80226,67457.84231,66971.73356,-0.085878467,-0.199309081,-0.256664308,-0.287848293,-0.299519464,-0.304567205,Extreme Greed,80
05/12/2024,98756.6104,97054.63644,-0.017234026,91937.83589,104005.0326,97971.43424,98490.93404,-0.005274595,90843.61041,78841.36017,72929.57476,69619.22992,68254.08992,67411.19598,-0.072754103,-0.195261754,-0.255603684,-0.289392562,-0.303326623,-0.31193009,Extreme Greed,84
12/12/2024,101191.259,100025.896,-0.011516439,99320.54729,102562.458,100941.5027,100941.5027,0,95521.47562,83153.35241,76231.18098,71899.60192,70120.32935,68623.33061,-0.053694733,-0.176222364,-0.244798433,-0.287710208,-0.305336977,-0.320167337,Extreme Greed,83
14/12/2024,101435.2787,101398.462,-0.000362958,100602.2844,102652.0286,101627.1565,101627.1565,0,96291.24376,84343.55151,77149.0778,72613.98917,70608.95864,69009.98943,-0.052504792,-0.170068765,-0.240861592,-0.285486363,-0.305215642,-0.320949323,Extreme Greed,83
15/12/2024,101398.462,104410.9883,0.029709783,101227.5386,105067.5386,103147.5386,103147.5386,0,96746.30131,84936.50985,77646.84273,72979.76287,70868.82337,69220.16848,-0.062059041,-0.176553207,-0.247225443,-0.292472086,-0.312937329,-0.328920793,Extreme Greed,80
16/12/2024,104404.8955,106088.9727,0.016130251,103288.2345,107821.0754,105554.6549,105554.6549,0,97233.22177,85574.36852,78158.8185,73364.82943,71136.73916,69444.3651,-0.078835303,-0.189288539,-0.259541718,-0.304958844,-0.326067247,-0.342100402,Extreme Greed,83
17/12/2024,106088.9179,106141.7532,0.000498028,105331.9453,108364.4217,106848.1835,106848.1835,0,97792.12763,86221.21786,78673.92329,73765.76513,71402.74992,69674.10573,-0.084756292,-0.193049287,-0.263684971,-0.309620784,-0.331736417,-0.347914925,Extreme Greed,87
18/12/2024,106087.973,100117.3526,-0.056279898,99987.85152,106498.5206,103243.1861,106848.1835,-0.033739436,98200.01897,86802.8767,79124.10382,74126.06938,71643.63045,69891.17708,-0.048847457,-0.159238687,-0.233614277,-0.282024585,-0.306069164,-0.323043198,Extreme Greed,81
